personId,personName
2052,DeShawn Stevenson
2211,Troy Murphy
2222,Gerald Wallace
2246,Mehmet Okur
2429,Dan Gadzuric
2566,Travis Outlaw
2586,Keith Bogans
2624,Quinton Ross
2734,Devin Harris
2743,Kris Humphries
2756,Sasha Vujacic
101114,Deron Williams
101130,Johan Petro
101211,Stephen Graham
200749,Shelden Williams
200761,Shawne Williams
200770,Jordan Farmar
201238,Mario West
201572,Brook Lopez
201627,Anthony Morrow
201944,Terrence Williams
202082,Larry Owens
202178,Sundiata Gaines
202345,Damion James
202356,Armon Johnson
711,Jerry Stackhouse
956,Erick Dampier
1503,Tracy McGrady
1710,Mike Bibby
1713,Vince Carter
1882,Elton Brand
2037,Jamal Crawford
2041,Etan Thomas
2207,Joe Johnson
2209,Vladimir Radmanovic
2215,Jason Collins
2230,Maurice Evans
2399,Mike Dunleavy
2457,Jannero Pargo
2550,Kirk Hinrich
2563,Dahntay Jones
2584,Willie Green
2585,Zaza Pachulia
2594,Kyle Korver
2694,Josh Powell
2730,Dwight Howard
2746,Josh Smith
2863,Damien Wilkins
101107,Marvin Williams
101141,Ersan Ilyasova
101150,Lou Williams
101181,Jose Calderon
200756,Hilton Armstrong
200757,Thabo Sefolosha
200765,Rajon Rondo
200794,Paul Millsap
201143,Al Horford
201158,Marco Belinelli
201168,Tiago Splitter
201229,Anthony Tolliver
201274,Ivan Johnson
201568,Danilo Gallinari
201858,Cartier Martin
201948,Austin Daye
201952,Jeff Teague
201960,DeMarre Carroll
201988,Patty Mills
202083,Wesley Matthews
202323,Evan Turner
202337,Luke Babbitt
202390,Gary Neal
202391,Jeremy Lin
202714,Shelvin Mack
202718,Chandler Parsons
202970,Gustavo Ayon
203098,John Jenkins
203101,Miles Plumlee
203118,Mike Scott
203145,Kent Bazemore
203200,Justin Holiday
203458,Alex Len
203459,Allen Crabbe
203471,Dennis Schroder
203473,Dewayne Dedmon
203476,Gorgui Dieng
203488,Mike Muscala
203501,Tim Hardaway Jr.
203503,Tony Snell
203524,Solomon Hill
203527,Ryan Kelly
203544,Pero Antic
203934,Lamar Patterson
203953,Jabari Parker
203991,Clint Capela
203992,Bogdan Bogdanovic
1626147,Justin Anderson
1626153,Delon Wright
1626163,Frank Kaminsky
1626203,Treveon Graham
1627098,Malcolm Delaney
1627738,Deyonta Davis
1627739,Kris Dunn
1627745,Damian Jones
1627749,Dejounte Murray
1627752,Taurean Prince
1627761,DeAndre' Bembry
1627772,Daniel Hamilton
1627789,Timothe Luwawu-Cabarrot
1627816,Alex Poythress
1627819,Isaiah Taylor
1627820,Tyrone Wallace
1628381,John Collins
1628411,Wes Iwundu
1628416,Tyler Dorsey
1628419,Cameron Oliver
1628981,Bruno Fernando
1628988,Aaron Holiday
1628989,Kevin Huerter
1628995,Kevin Knox II
1629027,Trae Young
1629164,Brandon Goodwin
1629629,Cam Reddish
1629631,De'Andre Hunter
1629633,Jarrett Culver
1629685,Dylan Windler
1629726,Garrison Mathews
1630168,Onyeka Okongwu
1630180,Saddiq Bey
1630219,Skylar Mays
1630235,Trent Forrest
1630249,Vit Krejci
1630552,Jalen Johnson
1631100,AJ Griffin
708,Kevin Garnett
1718,Paul Pierce
1891,Jason Terry
1905,Andrei Kirilenko
2449,Luis Scola
2501,Reggie Evans
2733,Shaun Livingston
2735,Josh Childress
101127,Jarrett Jack
101154,Andray Blatche
101187,Alan Anderson
200745,Andrea Bargnani
200746,LaMarcus Aldridge
200751,Randy Foye
201142,Kevin Durant
201145,Jeff Green
201152,Thaddeus Young
201162,Jared Dudley
201163,Wilson Chandler
201228,C.J. Watson
201599,DeAndre Jordan
201609,Goran Dragic
201933,Blake Griffin
201935,James Harden
201947,Earl Clark
201949,James Johnson
201961,Wayne Ellington
201967,Dante Cunningham
201977,Marcus Thornton
202066,Garrett Temple
202334,Ed Davis
202344,Trevor Booker
202349,Greivis Vasquez
202388,Donald Sloan
202389,Timofey Mozgov
202498,Lance Thomas
202681,Kyrie Irving
202693,Markieff Morris
202697,Iman Shumpert
202702,Kenneth Faried
202705,MarShon Brooks
202711,Bojan Bogdanovic
202721,Darius Morris
203080,Thomas Robinson
203083,Andre Drummond
203092,Tyler Zeller
203094,Andrew Nicholson
203104,Marquis Teague
203112,Quincy Acy
203116,Tyshawn Taylor
203129,Tornike Shengelia
203141,Mirza Teletovic
203156,Henry Sims
203268,Jorge Gutierrez
203457,Nerlens Noel
203460,Andre Roberson
203461,Anthony Bennett
203462,Archie Goodwin
203486,Mason Plumlee
203499,Shane Larkin
203508,Sergey Karasev
203516,James Ennis III
203552,Seth Curry
203561,Brandon Davies
203658,Norvel Pelle
203894,Shabazz Napier
203900,Markel Brown
203909,KJ McDaniels
203915,Spencer Dinwiddie
203917,Nik Stauskas
203925,Joe Harris
203930,Sean Kilpatrick
204020,Tyler Johnson
204038,Langston Galloway
1626143,Jahlil Okafor
1626156,D'Angelo Russell
1626178,Rondae Hollis-Jefferson
1626191,Chris McCullough
1626220,Royce O'Neale
1627732,Ben Simmons
1627747,Caris LeVert
1627785,Isaiah Whitehead
1627827,Dorian Finney-Smith
1627885,Shaquille Harrison
1628021,David Nwaba
1628372,Dennis Smith Jr.
1628386,Jarrett Allen
1628966,Keita Bates-Diop
1628969,Mikal Bridges
1628971,Bruce Brown
1628975,Jevon Carter
1628993,Alize Johnson
1629013,Landry Shamet
1629022,Lonnie Walker IV
1629033,Theo Pinson
1629058,Dzanan Musa
1629066,Rodions Kurucs
1629139,Yuta Watanabe
1629185,Chris Chiozza
1629651,Nic Claxton
1629661,Cameron Johnson
1630549,Day'Ron Sharpe
1630553,Keon Johnson
1630556,Kessler Edwards
1630560,Cam Thomas
1630561,David Duke Jr.
1630570,Trendon Watford
1631367,Jacob Gilyard
406,Shaquille O'Neal
951,Ray Allen
979,Jermaine O'Neal
2039,Keyon Dooling
2306,Carlos Arroyo
2404,Chris Wilcox
2419,Tayshaun Prince
2420,Nenad Krstic
2554,Mickael Pietrus
2562,Sasha Pavlovic
2570,Kendrick Perkins
2571,Leandro Barbosa
2605,Marquis Daniels
2749,Jameer Nelson
2753,Delonte West
101123,Gerald Green
101126,Nate Robinson
101135,David Lee
101138,Brandon Bass
101161,Amir Johnson
101183,Shavlik Randolph
200797,Ryan Hollins
201148,Brandan Wright
201175,Glen Davis
201202,Joel Anthony
201573,Jerryd Bayless
201584,Courtney Lee
201591,DJ White
201950,Jrue Holiday
201973,Jonas Jerebko
202328,Greg Monroe
202330,Gordon Hayward
202340,Avery Bradley
202348,Jordan Crawford
202683,Enes Freedom
202684,Tristan Thompson
202689,Kemba Walker
202694,Marcus Morris Sr.
202738,Isaiah Thomas
202954,Brad Wanamaker
203095,Evan Fournier
203096,Jared Sullinger
203109,Jae Crowder
203187,Chris Johnson
203382,Aron Baynes
203482,Kelly Olynyk
203515,Phil Pressey
203540,Gigi Datome
203923,James Young
203935,Marcus Smart
204001,Kristaps Porzingis
1626154,RJ Hunter
1626175,Jordan Mickey
1626179,Terry Rozier
1626196,Josh Richardson
1626780,Jonathan Gibson
1627759,Jaylen Brown
1627763,Malcolm Brogdon
1627823,Juancho Hernangomez
1627824,Guerschon Yabusele
1628369,Jayson Tatum
1628382,Justin Jackson
1628400,Semi Ojeleye
1628401,Derrick White
1628408,PJ Dozier
1628436,Luke Kornet
1628464,Daniel Theis
1629004,Svi Mykhailiuk
1629021,Moritz Wagner
1629035,Carsen Edwards
1629052,Oshae Brissett
1629057,Robert Williams III
1629605,Tacko Fall
1629641,Romeo Langford
1629674,Neemias Queta
1629682,Tremont Waters
1629684,Grant Williams
1629750,Javonte Green
1630174,Aaron Nesmith
1630202,Payton Pritchard
1630205,Lamar Stevens
1630214,Xavier Tillman
1630271,Brodric Thomas
1630531,Jaden Springer
1630551,Justin Champagnie
1630573,Sam Hauser
1630625,Dalano Banton
1631120,JD Davison
1536,Stephen Jackson
1737,Nazr Mohammed
1894,Corey Maggette
2038,Joel Przybilla
2059,Eduardo Najera
2198,Kwame Brown
2205,DeSagana Diop
2217,Brendan Haywood
2225,Tony Parker
2557,Luke Ridnour
2564,Boris Diaw
2590,Mo Williams
2679,Matt Carroll
2732,Ben Gordon
2744,Al Jefferson
101124,Hakim Warrick
101131,Jason Maxiell
200081,Jamario Moon
200748,Tyrus Thomas
201150,Spencer Hawes
201177,Josh McRoberts
201187,Dominic McGuire
201196,Ramon Sessions
201571,D.J. Augustin
201579,Roy Hibbert
201587,Nicolas Batum
201604,Chris Douglas-Roberts
201945,Gerald Henderson
201946,Tyler Hansbrough
201957,Byron Mullens
201974,Derrick Brown
202130,Reggie Williams
202362,Lance Stephenson
202397,Ish Smith
202399,Jeff Adrien
202687,Bismack Biyombo
202722,Davis Bertans
202809,Cory Higgins
203077,Michael Kidd-Gilchrist
203087,Jeremy Lamb
203106,Jeffery Taylor
203148,Brian Roberts
203469,Cody Zeller
203487,Michael Carter-Williams
203584,Troy Daniels
203798,PJ Hairston
203948,Johnny O'Bryant III
1626149,Montrezl Harrell
1626162,Kelly Oubre Jr.
1626174,Christian Wood
1626195,Willy Hernangomez
1627362,Briante Weber
1628370,Malik Monk
1628373,Frank Ntilikina
1628407,Dwayne Bacon
1628970,Miles Bridges
1628984,Devonte' Graham
1628997,Caleb Martin
1628998,Cody Martin
1629023,P.J. Washington
1629147,Joe Chealey
1629667,Jalen McDaniels
1630163,LaMelo Ball
1630176,Vernon Carey Jr.
1630177,Theo Maledon
1630197,Aleksej Pokusevski
1630208,Nick Richards
1630270,Xavier Sneed
1630539,Kai Jones
1630544,Tre Mann
1630547,James Bouknight
1630550,JT Thor
1631109,Mark Williams
1631121,Bryce McGowens
703,Kurt Thomas
1888,Richard Hamilton
2200,Pau Gasol
2229,Mike James
2243,Brian Scalabrine
2430,Carlos Boozer
2446,Rasual Butler
2548,Dwyane Wade
2736,Luol Deng
101249,John Lucas III
200758,Ronnie Brewer
201149,Joakim Noah
201161,Daequan Cook
201166,Aaron Brooks
201565,Derrick Rose
201577,Robin Lopez
201600,Omer Asik
201942,DeMar DeRozan
201959,Taj Gibson
201976,Patrick Beverley
202329,Al-Farouq Aminu
202690,Jimmer Fredette
202696,Nikola Vucevic
202703,Nikola Mirotic
202710,Jimmy Butler
202734,E'Twaun Moore
202952,Malcolm Thomas
203107,Tomas Satoransky
203477,Isaiah Canaan
203490,Otto Porter Jr.
203530,Joffrey Lauvergne
203897,Zach LaVine
203926,Doug McDermott
203943,Noah Vonleh
203946,Cameron Bairstow
203960,JaKarr Sampson
1626166,Cameron Payne
1626170,Jerian Grant
1626171,Bobby Portis
1626245,Cristiano Felicio
1627215,Walt Lemon Jr.
1627756,Denzel Valentine
1627770,Kay Felder
1627782,Wayne Selden
1627835,Paul Zipser
1627853,Ryan Arcidiacono
1627884,Derrick Jones Jr.
1627936,Alex Caruso
1628035,Alfonzo McKinnie
1628366,Lonzo Ball
1628374,Lauri Markkanen
1628396,Tony Bradley
1628469,Antonio Blakeney
1628470,Torrey Craig
1628972,Troy Brown Jr.
1628976,Wendell Carter Jr.
1628990,Chandler Hutchison
1629076,Tyler Cook
1629632,Coby White
1629653,Devon Dotson
1629655,Daniel Gafford
1629690,Adam Mokoka
1629744,Matt Thomas
1630172,Patrick Williams
1630245,Ayo Dosunmu
1630637,Carlik Jones
1630678,Terry Taylor
1631207,Dalen Terry
1515,Anthony Parker
1712,Antawn Jamison
1884,Baron Davis
1890,Shawn Marion
2034,Mike Miller
2210,Richard Jefferson
2365,Chris Andersen
2544,LeBron James
2575,Luke Walton
2592,James Jones
2747,JR Smith
2760,Anderson Varejao
101112,Channing Frye
101121,Joey Graham
101139,CJ Miles
101214,Jawad Williams
200789,Daniel Gibson
200796,Leon Powe
200811,Lou Amundson
201567,Kevin Love
201578,Marreese Speights
201580,JaVale McGee
201581,JJ Hickson
201588,George Hill
201623,Semih Erden
201937,Ricky Rubio
201956,Omri Casspi
201963,Christian Eyenga
201980,Danny Green
201985,AJ Price
201991,Lester Hudson
202087,Alonzo Gee
202376,Luke Harangody
202396,Samardo Samuels
202412,Manny Harris
202682,Derrick Williams
202688,Brandon Knight
202692,Alec Burks
202720,Jon Leuer
202951,Jeremy Pargo
203079,Dion Waiters
203089,John Henson
203099,Jared Cunningham
203521,Matthew Dellavedova
203526,Raul Neto
203895,Jordan McRae
203903,Jordan Clarkson
203918,Rodney Hood
203957,Dante Exum
204002,Edy Tavares
1626150,Andrew Harrison
1626155,Sam Dekker
1626188,Quinn Cook
1626204,Larry Nance Jr.
1626224,Cedi Osman
1627737,Marquese Chriss
1627748,Thon Maker
1627775,Patrick McCaw
1627777,Georges Niang
1627790,Ante Zizic
1627812,Yogi Ferrell
1627883,Jalen Jones
1628378,Donovan Mitchell
1628392,Isaiah Hartenstein
1628422,Damyean Dotson
1629012,Collin Sexton
1629603,Mamadi Diakite
1629622,Max Strus
1629636,Darius Garland
1629650,Moses Brown
1629662,Mfiondu Kabengele
1629716,Marques Bolden
1629725,Jeremiah Martin
1629731,Dean Wade
1630171,Isaac Okoro
1630241,Sam Merrill
1630596,Evan Mobley
1630600,Isaiah Mobley
467,Jason Kidd
965,Derek Fisher
978,Peja Stojakovic
1717,Dirk Nowitzki
1885,Lamar Odom
2073,Brian Cardinal
2199,Tyson Chandler
2201,Eddy Curry
2223,Samuel Dalembert
2405,Amar'e Stoudemire
2406,Caron Butler
2549,Chris Kaman
101106,Andrew Bogut
101109,Raymond Felton
101111,Charlie Villanueva
101133,Ian Mahinmi
101145,Monta Ellis
200755,JJ Redick
200826,J.J. Barea
201146,Jianlian Yi
201147,Corey Brewer
201564,O.J. Mayo
201582,Alexis Ajinca
201954,Darren Collison
201958,Rodrigue Beaubois
201971,DeJuan Blair
202346,Dominique Jones
202379,Jeremy Evans
202962,Greg Smith
203084,Harrison Barnes
203108,Bernard James
203493,Reggie Bullock
203504,Trey Burke
203939,Dwight Powell
1626151,Aaron Harrison
1626158,Richaun Holmes
1626161,Willie Cauley-Stein
1626246,Boban Marjanovic
1626257,Salah Mejri
1628425,Sterling Brown
1628467,Maxi Kleber
1628973,Jalen Brunson
1629029,Luka Doncic
1629151,Ryan Broekhoff
1629740,Nicolo Melli
1630182,Josh Green
1630267,Facundo Campazzo
1630535,Greg Brown III
1630593,McKinley Wright IV
1630639,A.J. Lawson
1630702,Jaden Hardy
1497,Chauncey Billups
1733,Al Harrington
1853,Anthony Carter
1889,Andre Miller
2030,Kenyon Martin
2403,Nene Hilario
2546,Carmelo Anthony
2738,Andre Iguodala
200764,Renaldo Balkman
201156,Nick Young
201164,Rudy Fernandez
201167,Arron Afflalo
201576,Anthony Randolph
201585,Kosta Koufos
201589,Darrell Arthur
201951,Ty Lawson
202326,DeMarcus Cousins
202686,Jan Vesely
202704,Reggie Jackson
202706,Jordan Hamilton
202933,Julyan Stone
203085,Austin Rivers
203113,Quincy Miller
203115,Will Barton
203123,Kostas Papanikolaou
203210,JaMychal Green
203484,Kentavious Caldwell-Pope
203546,Ian Clark
203914,Gary Harris
203924,Jerami Grant
203932,Aaron Gordon
203994,Jusuf Nurkic
203999,Nikola Jokic
1626144,Emmanuel Mudiay
1626168,Trey Lyles
1627736,Malik Beasley
1627750,Jamal Murray
1627854,Bryn Forbes
1628418,Thomas Bryant
1628420,Monte Morris
1628427,Vlatko Cancar
1628432,Davon Reed
1629008,Michael Porter Jr.
1629626,Bol Bol
1629730,Rayjon Tucker
1630192,Zeke Nnaji
1630210,Markus Howard
1630538,Bones Hyland
1631128,Christian Braun
1631212,Peyton Watson
1112,Ben Wallace
2581,Steve Blake
2757,Beno Udrih
101198,Will Bynum
201155,Rodney Stuckey
201943,Brandon Jennings
201969,DaJuan Summers
201975,Jodie Meeks
202699,Tobias Harris
202709,Cory Joseph
202713,Kyle Singler
202725,Josh Harrellson
203585,Rodney McGruder
203922,Glenn Robinson III
204025,Tim Frazier
1626169,Stanley Johnson
1626199,Darrun Hilliard
1627740,Henry Ellenson
1628367,Josh Jackson
1628379,Luke Kennard
1628402,Frank Jackson
1628963,Marvin Bagley III
1628977,Hamidou Diallo
1629002,Chimezie Metu
1629003,Shake Milton
1629017,Khyri Thomas
1629620,Justin Robinson
1629635,Sekou Doumbouya
1629656,Quentin Grimes
1629669,Jaylen Nowell
1629686,Deividas Sirvydis
1630164,James Wiseman
1630165,Killian Hayes
1630181,R.J. Hampton
1630191,Isaiah Stewart
1630199,Cassius Stanley
1630201,Malachi Flynn
1630240,Saben Lee
1630587,Isaiah Livers
1630595,Cade Cunningham
1630647,Eugene Omoruyi
1630649,Stanley Umude
1631093,Jaden Ivey
1631105,Jalen Duren
1631197,Jared Rhoden
1631205,Buddy Boeheim
1631323,Simone Fontecchio
2294,Charlie Bell
2440,Matt Barnes
2561,David West
2740,Andris Biedrins
2748,Dorell Wright
101108,Chris Paul
200760,Rodney Carney
201151,Acie Law
201154,Al Thornton
201171,Carl Landry
201574,Jason Thompson
201575,Brandon Rush
201939,Stephen Curry
201962,Toney Douglas
202327,Ekpe Udoh
202357,Nemanja Bjelica
202691,Klay Thompson
202719,Jeremy Tyler
202724,Charles Jenkins
203105,Festus Ezeli
203110,Draymond Green
203136,Ognjen Kuzmic
203949,James Michael McAdoo
203952,Andrew Wiggins
203967,Dario Saric
1626172,Kevon Looney
1626184,Chasson Randle
1627733,Dragan Bender
1627780,Gary Payton II
1627814,Damion Lee
1628395,Jordan Bell
1628539,Mychal Mulder
1628978,Donte DiVincenzo
1628980,Jacob Evans
1629016,Omari Spellman
1629308,Juan Toscano-Anderson
1629346,Alen Smailagic
1629660,Ty Jerome
1629672,Eric Paschall
1629673,Jordan Poole
1629683,Quinndary Weatherspoon
1630228,Jonathan Kuminga
1630237,Anthony Lamb
1630541,Moses Moody
1631311,Lester Quinones
948,Marcus Camby
1802,Brad Miller
1863,Earl Boykins
2203,Shane Battier
2407,Jared Jeffries
2568,Carlos Delfino
2755,Kevin Martin
2772,Trevor Ariza
101128,Francisco Garcia
101236,Chuck Hayes
200768,Kyle Lowry
200782,P.J. Tucker
201563,Michael Beasley
201566,Russell Westbrook
201569,Eric Gordon
201583,Ryan Anderson
201601,Luc Mbah a Moute
201628,Bobby Brown
201938,Jonny Flynn
201941,Jordan Hill
201966,Jermaine Taylor
201978,Chase Budinger
202332,Cole Aldrich
202335,Patrick Patterson
202341,James Anderson
202700,Donatas Motiejunas
203093,Terrence Jones
203143,Pablo Prigioni
203144,Alexey Shved
203463,Ben McLemore
203496,Robert Covington
203506,Victor Oladipo
203898,Tyler Ennis
203998,Bruno Caboclo
204028,Tarik Black
1627743,Demetrius Jackson
1627778,Chinanu Onuaku
1627832,Fred VanVleet
1627863,Danuel House Jr.
1628383,Justin Patton
1628391,D.J. Wilson
1628415,Dillon Brooks
1629109,Gary Clark
1629111,Jock Landale
1629610,DaQuan Jeffries
1629645,Kevin Porter Jr.
1629717,Armoni Brooks
1630224,Jalen Green
1630227,Daishen Nix
1630231,Kenyon Martin Jr.
1630256,Jae'Sean Tate
1630528,Josh Christopher
1630578,Alperen Sengun
1630586,Usman Garuba
1631095,Jabari Smith Jr.
1631106,Tari Eason
1631466,Nate Williams
1899,James Posey
1902,Jeff Foster
2551,T.J. Ford
101122,Danny Granger
200780,Solomon Jones
201936,Tyreke Evans
201965,Jeff Ayres
201970,Sam Young
202331,Paul George
202338,Kevin Seraphin
202730,Lavoy Allen
203111,Orlando Johnson
203124,Kyle O'Quinn
203142,Chris Copeland
203933,T.J. Warren
203963,Shayne Whittington
204456,T.J. McConnell
1626167,Myles Turner
1626176,Rakeem Christmas
1626202,Joe Young
1627734,Domantas Sabonis
1627741,Buddy Hield
1627783,Pascal Siakam
1628221,Gabe York
1628388,T.J. Leaf
1628410,Edmond Sumner
1628513,Naz Mitrou-Long
1629048,Goga Bitadze
1629103,Kelan Martin
1629614,Andrew Nembhard
1629670,Jordan Nwora
1630167,Obi Toppin
1630169,Tyrese Haliburton
1630188,Jalen Smith
1630243,Trevelin Queen
1630537,Chris Duarte
1630543,Isaiah Jackson
1631097,Bennedict Mathurin
1631112,Kendall Brown
255,Grant Hill
2045,Hedo Turkoglu
2250,Bobby Simmons
2260,Jarron Collins
2567,Brian Cook
101142,Ronny Turiaf
101155,Ryan Gomes
101162,Marcin Gortat
200783,Craig Smith
201586,Serge Ibaka
202325,Wesley Johnson
202339,Eric Bledsoe
202695,Kawhi Leonard
203090,Maurice Harkless
203186,Willie Reed
203912,C.J. Wilcox
1626159,Justise Winslow
1626181,Norman Powell
1627826,Ivica Zubac
1628405,Johnathan Motley
1628414,Sindarius Thornwell
1628462,Milos Teodosic
1629010,Jerome Robinson
1629117,Wenyen Gabriel
1629599,Amir Coffey
1629611,Terance Mann
1629875,Xavier Moon
1630206,Jay Scrubb
1630527,Brandon Boston Jr.
1631217,Moussa Diabate
689,Theo Ratliff
959,Steve Nash
977,Kobe Bryant
1897,Metta World Peace
2574,Jason Kapono
2768,Chris Duhon
101115,Andrew Bynum
101179,Ronnie Price
200769,Shannon Brown
201188,Marc Gasol
202333,Xavier Henry
202365,Devin Ebanks
202779,Dwight Buycks
203076,Anthony Davis
203088,Kendall Marshall
203135,Robert Sacre
203505,Vander Blue
203944,Julius Randle
1626273,Marcelo Huertas
1627742,Brandon Ingram
1628398,Kyle Kuzma
1628404,Josh Hart
1628961,Kostas Antetokounmpo
1628964,Mo Bamba
1629020,Jarred Vanderbilt
1629060,Rui Hachimura
1629216,Gabe Vincent
1629637,Jaxson Hayes
1629659,Talen Horton-Tucker
1629719,Devontae Cacok
1630222,Mason Jones
1630346,Matt Ryan
1630559,Austin Reaves
1631108,Max Christie
1715,Jason Williams
2216,Zach Randolph
2240,Gilbert Arenas
2754,Tony Allen
200752,Rudy Gay
201144,Mike Conley
201596,Mario Chalmers
201632,Hamed Haddadi
201934,Hasheem Thabeet
201979,Nick Calathes
202343,Elliot Williams
202347,Quincy Pondexter
202685,Jonas Valanciunas
202729,Josh Selby
203492,Ray McCallum
203500,Steven Adams
203893,Russ Smith
203937,Kyle Anderson
1626145,Tyus Jones
1626185,Jarell Martin
1627744,Brice Johnson
1628397,Ivan Rabb
1628960,Grayson Allen
1628991,Jaren Jackson Jr.
1629001,De'Anthony Melton
1629630,Ja Morant
1629634,Brandon Clarke
1629681,Killian Tillie
1629723,John Konchar
1630217,Desmond Bane
1630533,Ziaire Williams
1630583,Santi Aldama
1630590,Scotty Pippen Jr.
1630692,Jordan Goodwin
1631222,Jake LaRavia
1631223,David Roddy
1631246,Vince Williams Jr.
1631254,Kenneth Lofton Jr.
1631298,Jack White
436,Juwan Howard
980,Zydrunas Ilgauskas
1740,Rashard Lewis
2048,Jamaal Magloire
2067,Eddie House
2427,Roger Mason Jr.
2547,Chris Bosh
2617,Udonis Haslem
202227,Terrel Harris
202354,Dexter Pittman
202355,Hassan Whiteside
202708,Norris Cole
203086,Meyers Leonard
203120,Justin Hamilton
1627855,Okaro White
1628389,Bam Adebayo
1629130,Duncan Robinson
1629134,Kendrick Nunn
1629312,Haywood Highsmith
1629639,Tyler Herro
1629644,KZ Okpala
1629657,Kyle Guy
1629735,Chris Silva
1630209,Omer Yurtseven
1630696,Dru Smith
1631107,Nikola Jovic
1631115,Orlando Robinson
1631288,Jamal Cain
1631306,Cole Swider
2072,Michael Redd
2400,Drew Gooden
2422,John Salmons
2853,Earl Barron
200779,Steve Novak
201160,Jason Smith
201972,Jon Brockman
202336,Larry Sanders
202732,DeAndre Liggins
203081,Damian Lillard
203114,Khris Middleton
203489,Nate Wolters
203498,Shabazz Muhammad
203507,Giannis Antetokounmpo
203648,Thanasis Antetokounmpo
204060,Joe Ingles
1626173,Rashad Vaughn
1626192,Pat Connaughton
1627762,Joel Bolomboy
1627850,Marshall Plumlee
1628412,Frank Mason III
1629623,Lindell Wigginton
1630572,Sandro Mamukelashvili
1630699,MarJon Beauchamp
1631102,TyTy Washington Jr.
1631260,AJ Green
2545,Darko Milicic
2572,Josh Howard
2742,Sebastian Telfair
101110,Martell Webster
201593,Nikola Pekovic
201880,Greg Stiemsma
202351,Lazar Hayward
202419,Chris Johnson
202620,Arinze Onuaku
202723,Malcolm Lee
203133,Robbie Hummel
203485,Lorenzo Brown
203497,Rudy Gobert
203710,C.J. Williams
203940,Adreian Payne
204014,Damjan Rudez
1626157,Karl-Anthony Towns
1627774,Jake Layman
1627875,Marcus Georges-Hunt
1629006,Josh Okogie
1629162,Jordan McLaughlin
1629638,Nickeil Alexander-Walker
1629675,Naz Reid
1630162,Anthony Edwards
1630183,Jaden McDaniels
1630233,Nathan Knight
1630568,Luka Garza
2431,David Andersen
2731,Emeka Okafor
2788,DJ Mbenga
200822,Pops Mensah-Bonsu
201189,Aaron Gray
201234,Trey Johnson
202324,Derrick Favors
203121,Darius Miller
203138,Hollis Thompson
203468,CJ McCollum
203481,Jeff Withey
203539,Gal Mekel
203901,Elfrid Payton
1626148,Anthony Brown
1626253,Axel Toupane
1627767,Cheick Diallo
1629026,Kenrich Williams
1629607,Jared Harper
1629627,Zion Williamson
1630184,Kira Lewis Jr.
1630230,Naji Marshall
1630526,Jeremiah Robinson-Earl
1630529,Herbert Jones
1630530,Trey Murphy III
1630631,Jose Alvarado
1630700,Dyson Daniels
1631220,Dereon Seabron
2047,Quentin Richardson
201611,Henry Walker
202361,Landry Fields
203495,Ricky Ledo
203921,Cleanthony Early
1626209,Mario Hezonja
1627758,Ron Baker
1627786,Troy Williams
1628384,OG Anunoby
1628439,Isaiah Hicks
1628443,Kadeem Allen
1629011,Mitchell Robinson
1629019,Allonzo Trier
1629628,RJ Barrett
1630173,Precious Achiuwa
1630193,Immanuel Quickley
1630540,Miles McBride
1630579,Jericho Sims
2555,Nick Collison
2767,Royal Ivey
201953,Eric Maynor
202350,Daniel Orton
203103,Perry Jones III
203518,Alex Abrines
203956,Mitch McGary
203962,Josh Huestis
1627846,Abdel Nader
1628390,Terrance Ferguson
1628778,Paul Watson
1628983,Shai Gilgeous-Alexander
1629126,Deonte Burton
1629647,Darius Bazley
1629652,Luguentz Dort
1629658,Jaylen Hoard
1629676,Isaiah Roby
1629718,Charlie Brown Jr.
1630198,Isaiah Joe
1630215,Jared Butler
1630322,Lindy Waters III
1630466,Gabriel Deck
1630581,Josh Giddey
1630598,Aaron Wiggins
1630846,Olivier Sarr
1631114,Jalen Williams
1631119,Jaylin Williams
1631172,Ousmane Dieng
2124,Malik Allen
2202,Jason Richardson
101144,Von Wafer
203082,Terrence Ross
203117,Doron Lamb
203613,Jonathon Simmons
203906,Devyn Marble
203920,Khem Birch
1628365,Markelle Fultz
1628371,Jonathan Isaac
1628518,Amile Jefferson
1628982,Melvin Frazier Jr.
1629168,BJ Johnson
1629643,Chuma Okeke
1629648,Jordan Bone
1629649,Ignas Brazdeikis
1629678,Admiral Schofield
1629743,Donta Hall
1629962,Devin Cannady
1630175,Cole Anthony
1630273,Freddie Gillespie
1630532,Franz Wagner
1630591,Jalen Suggs
1631094,Paolo Banchero
1631216,Caleb Houstan
1499,Tony Battie
2443,Darius Songaila
2804,Andres Nocioni
202342,Craig Brackins
202363,Jarvis Varnado
202712,Justin Harper
203100,Tony Wroten
203102,Arnett Moultrie
203130,Darius Johnson-Odom
203954,Joel Embiid
1627788,Furkan Korkmaz
1629663,Louis King
1629680,Matisse Thybulle
1630178,Tyrese Maxey
1630194,Paul Reed
1630288,Jeff Dowtin Jr.
1630644,Mac McClung
202407,Elijah Millsap
203078,Bradley Beal
203928,Cory Jefferson
203955,Bryce Cotton
204067,Jarell Eddie
1626164,Devin Booker
1626210,Alan Williams
1627755,Tyler Ulis
1628393,Jawun Evans
1628413,Jonah Bolden
1628962,Udoka Azubuike
1629028,Deandre Ayton
1629059,Elie Okobo
1629234,Drew Eubanks
1629642,Nassir Little
1630613,Duane Washington Jr.
1630688,Ish Wainright
1752,Sean Marks
2248,Earl Watson
101177,Fabricio Oberto
200750,Brandon Roy
200777,Joel Freeland
201964,Victor Claver
202701,Nolan Smith
1627735,Wade Baldwin IV
1627746,Skal Labissiere
1628380,Zach Collins
1628385,Harry Giles III
1628403,Caleb Swanigan
1629014,Anfernee Simons
1629018,Gary Trent Jr.
1629604,CJ Elleby
1629617,Reggie Perry
1629712,Didi Louzada
1629833,Keljin Blevins
1630190,Elijah Hughes
1631101,Shaedon Sharpe
1631123,Jamaree Bouyea
1631133,Jabari Walker
1631303,Justin Minaya
101120,Antoine Wright
101129,Luther Head
201590,Donte Greene
201616,Darnell Jackson
203961,Eric Moreland
1627781,Malachi Richardson
1627834,Georgios Papagiannis
1628368,De'Aaron Fox
1629056,Terence Davis
1629713,Justin James
1630186,Jahmi'us Ramsey
1630218,Robert Woodard II
1630558,Davion Mitchell
1631099,Keegan Murray
1631165,Keon Ellis
686,Antonio McDyess
1495,Tim Duncan
1938,Manu Ginobili
2137,Ime Udoka
2588,Matt Bonner
200809,Chris Quinn
201986,Nando De Colo
1627751,Jakob Poeltl
1629640,Keldon Johnson
1629646,Charles Bassey
1629677,Luka Samanic
1630170,Devin Vassell
1630200,Tre Jones
1630563,Joshua Primo
1630564,RaiQuan Gray
1630577,Julian Champagnie
1631103,Malaki Branham
1631104,Blake Wesley
1631110,Jeremy Sochan
1631230,Dominick Barlow
2556,Marcus Banks
101132,Linas Kleiza
201153,Julian Wright
201595,Joey Dorsey
201603,Sonny Weems
201814,Gary Forbes
202374,Solomon Alabi
202386,Ben Uzoh
203512,Lucas Nogueira
1626259,Malcolm Miller
1628424,Kobi Simmons
1628449,Chris Boucher
1629067,Isaac Bonga
1629752,Juwan Morgan
1630187,Daniel Oturu
1630534,Ochai Agbaji
1630567,Scottie Barnes
1630580,Joe Wieskamp
1922,Francisco Elson
1952,Raja Bell
2224,Jamaal Tinsley
201178,Kyrylo Fesenko
201602,Kyle Weaver
203197,Diante Garrett
203475,Erick Green
1628463,Tyler Cavanaugh
1629671,Miye Oni
1629714,Jarrell Brantley
1630195,Leandro Bolmaro
1630238,Malik Fitts
1630548,Johnny Juzang
1630554,Jason Preston
1630695,Micah Potter
1631117,Walker Kessler
201785,Othyus Jeffers
202322,John Wall
202698,Chris Singleton
203318,Glen Rice
1628421,Devin Robinson
1629140,Johnathan Williams
1630166,Deni Avdija
1630216,Cassius Winston
1630225,Isaiah Todd
1630264,Anthony Gill
1630557,Corey Kispert
1630643,Jay Huff
1631098,Johnny Davis
1631116,Patrick Baldwin Jr.
1631157,Ryan Rollins
